pickup_zone_id,pickup_zone,pickup_borough,rides_in_kpi_population,median_request_to_pickup_min,p90_request_to_pickup_min,ranked,hvfhv_pickups_all,nyc311_complaints_all,nyc311_complaints_passenger,nyc311_complaints_pickup_reliability,nyc311_passenger_rate_per_100k,nyc311_low_count_flag
3,Allerton/Pelham Gardens,Bronx,28,4.86,10.56,True,28,0,0,0,0.0,True
4,Alphabet City,Manhattan,19,4.83,9.13,False,20,9,1,1,5000.0,True
5,Arden Heights,Staten Island,6,7.83,10.91,False,6,0,0,0,0.0,True
6,Arrochar/Fort Wadsworth,Staten Island,2,5.47,7.77,False,2,0,0,0,0.0,True
7,Astoria,Queens,75,4.12,8.55,True,78,5,0,0,0.0,True
9,Auburndale,Queens,5,4.38,9.7,False,5,0,0,0,0.0,True
10,Baisley Park,Queens,41,4.78,10.42,True,41,3,1,0,2439.02,True
11,Bath Beach,Brooklyn,14,4.3,9.24,False,14,2,0,0,0.0,True
13,Battery Park City,Manhattan,51,4.17,7.38,True,51,5,2,1,3921.57,True
14,Bay Ridge,Brooklyn,50,4.33,8.38,True,50,4,1,0,2000.0,True
15,Bay Terrace/Fort Totten,Queens,6,3.98,6.62,False,6,0,0,0,0.0,True
16,Bayside,Queens,19,4.15,10.08,False,19,0,0,0,0.0,True
17,Bedford,Brooklyn,70,4.84,8.77,True,71,5,0,0,0.0,True
18,Bedford Park,Bronx,56,5.01,12.03,True,56,11,1,0,1785.71,True
19,Bellerose,Queens,12,6.75,11.93,False,12,1,1,1,8333.33,True
20,Belmont,Bronx,29,5.15,8.17,True,30,0,0,0,0.0,True
21,Bensonhurst East,Brooklyn,34,3.78,7.53,True,35,4,4,2,11428.57,True
22,Bensonhurst West,Brooklyn,40,5.07,9.87,True,42,17,0,0,0.0,True
23,Bloomfield/Emerson Hill,Staten Island,15,4.52,6.9,False,15,1,0,0,0.0,True
24,Bloomingdale,Manhattan,9,4.37,5.37,False,10,1,0,0,0.0,True
25,Boerum Hill,Brooklyn,54,4.11,9.66,True,55,9,0,0,0.0,True
26,Borough Park,Brooklyn,26,5.11,7.78,True,26,2,0,0,0.0,True
27,Breezy Point/Fort Tilden/Riis Beach,Queens,3,10.28,13.32,False,3,0,0,0,0.0,True
28,Briarwood/Jamaica Hills,Queens,27,4.28,8.92,True,27,5,0,0,0.0,True
29,Brighton Beach,Brooklyn,22,3.48,7.88,True,23,1,0,0,0.0,True
30,Broad Channel,Queens,2,4.79,6.22,False,2,0,0,0,0.0,True
31,Bronx Park,Bronx,3,3.67,13.44,False,3,0,0,0,0.0,True
32,Bronxdale,Bronx,26,4.53,8.29,True,26,1,0,0,0.0,True
33,Brooklyn Heights,Brooklyn,49,4.03,8.93,True,49,4,1,0,2040.82,True
34,Brooklyn Navy Yard,Brooklyn,9,6.93,12.39,False,9,1,0,0,0.0,True
35,Brownsville,Brooklyn,62,5.86,13.83,True,64,0,0,0,0.0,True
36,Bushwick North,Brooklyn,75,5.2,10.95,True,75,3,0,0,0.0,True
37,Bushwick South,Brooklyn,122,4.57,10.44,True,123,7,2,0,1626.02,True
38,Cambria Heights,Queens,9,6.8,10.44,False,10,0,0,0,0.0,True
39,Canarsie,Brooklyn,88,5.62,11.2,True,89,1,1,0,1123.6,True
40,Carroll Gardens,Brooklyn,22,4.38,10.21,True,22,2,0,0,0.0,True
41,Central Harlem,Manhattan,62,4.45,10.48,True,62,2,1,1,1612.9,True
42,Central Harlem North,Manhattan,108,5.17,9.79,True,110,4,1,0,909.09,True
43,Central Park,Manhattan,13,6.18,9.74,False,13,2,0,0,0.0,True
44,Charleston/Tottenville,Staten Island,5,5.63,12.41,False,5,0,0,0,0.0,True
45,Chinatown,Manhattan,24,3.72,10.11,True,24,16,2,0,8333.33,True
46,City Island,Bronx,5,9.95,16.01,False,5,1,0,0,0.0,True
47,Claremont/Bathgate,Bronx,28,5.59,11.54,True,28,1,0,0,0.0,True
48,Clinton East,Manhattan,82,3.84,8.23,True,84,23,0,0,0.0,True
49,Clinton Hill,Brooklyn,58,4.92,11.17,True,58,15,1,1,1724.14,True
50,Clinton West,Manhattan,41,4.52,10.15,True,42,9,3,0,7142.86,True
51,Co-Op City,Bronx,41,5.5,12.25,True,41,2,2,1,4878.05,True
52,Cobble Hill,Brooklyn,15,3.58,8.6,False,15,3,0,0,0.0,True
53,College Point,Queens,16,5.03,12.22,False,16,0,0,0,0.0,True
54,Columbia Street,Brooklyn,6,4.65,9.1,False,6,1,0,0,0.0,True
55,Coney Island,Brooklyn,36,4.46,12.16,True,37,6,4,2,10810.81,True
56,Corona,Queens,28,4.61,10.84,True,29,1,0,0,0.0,True
57,Corona,Queens,1,5.38,5.38,False,1,1,0,0,0.0,True
58,Country Club,Bronx,3,4.13,9.32,False,3,0,0,0,0.0,True
59,Crotona Park,Bronx,2,5.66,8.83,False,2,0,0,0,0.0,True
60,Crotona Park East,Bronx,30,5.84,11.86,True,30,2,1,0,3333.33,True
61,Crown Heights North,Brooklyn,120,4.91,11.39,True,122,12,2,0,1639.34,True
62,Crown Heights South,Brooklyn,43,4.35,9.83,True,44,10,0,0,0.0,True
63,Cypress Hills,Brooklyn,40,4.41,9.6,True,41,5,3,1,7317.07,True
64,Douglaston,Queens,11,6.28,10.95,False,11,0,0,0,0.0,True
65,Downtown Brooklyn/MetroTech,Brooklyn,53,4.65,8.64,True,54,27,0,0,0.0,True
66,DUMBO/Vinegar Hill,Brooklyn,35,5.08,10.56,True,36,4,1,0,2777.78,True
67,Dyker Heights,Brooklyn,13,4.65,9.2,False,13,1,0,0,0.0,True
68,East Chelsea,Manhattan,110,4.19,9.46,True,110,37,2,1,1818.18,True
69,East Concourse/Concourse Village,Bronx,54,5.82,15.08,True,54,2,1,0,1851.85,True
70,East Elmhurst,Queens,22,3.53,7.61,True,23,1,0,0,0.0,True
71,East Flatbush/Farragut,Brooklyn,46,5.25,11.32,True,46,1,0,0,0.0,True
72,East Flatbush/Remsen Village,Brooklyn,65,5.07,10.78,True,65,2,1,0,1538.46,True
73,East Flushing,Queens,12,5.27,8.56,False,12,0,0,0,0.0,True
74,East Harlem North,Manhattan,81,4.38,11.23,True,81,5,5,2,6172.84,False
75,East Harlem South,Manhattan,56,4.72,9.89,True,58,3,0,0,0.0,True
76,East New York,Brooklyn,113,4.43,9.18,True,114,8,5,2,4385.96,False
77,East New York/Pennsylvania Avenue,Brooklyn,26,5.32,10.09,True,26,1,0,0,0.0,True
78,East Tremont,Bronx,53,4.97,11.35,True,53,1,0,0,0.0,True
79,East Village,Manhattan,105,3.57,8.52,True,105,36,2,0,1904.76,True
80,East Williamsburg,Brooklyn,66,4.27,8.79,True,66,5,0,0,0.0,True
81,Eastchester,Bronx,28,4.53,10.28,True,29,3,3,2,10344.83,True
82,Elmhurst,Queens,86,4.38,8.96,True,88,5,1,1,1136.36,True
83,Elmhurst/Maspeth,Queens,28,4.73,7.29,True,28,4,3,2,10714.29,True
84,Eltingville/Annadale/Prince's Bay,Staten Island,4,3.68,6.9,False,4,0,0,0,0.0,True
85,Erasmus,Brooklyn,27,4.13,8.05,True,28,1,0,0,0.0,True
86,Far Rockaway,Queens,29,7.25,19.32,True,29,0,0,0,0.0,True
87,Financial District North,Manhattan,58,3.98,9.37,True,59,7,2,1,3389.83,True
88,Financial District South,Manhattan,21,4.03,8.73,True,21,10,2,0,9523.81,True
89,Flatbush/Ditmas Park,Brooklyn,89,4.6,8.67,True,89,7,3,0,3370.79,True
90,Flatiron,Manhattan,60,3.62,8.2,True,61,21,0,0,0.0,True
91,Flatlands,Brooklyn,47,5.23,9.72,True,47,0,0,0,0.0,True
92,Flushing,Queens,63,4.47,8.98,True,63,3,1,1,1587.3,True
93,Flushing Meadows-Corona Park,Queens,13,6.88,11.43,False,13,2,1,0,7692.31,True
94,Fordham South,Bronx,20,3.7,8.32,True,21,2,0,0,0.0,True
95,Forest Hills,Queens,67,3.97,10.03,True,68,3,0,0,0.0,True
96,Forest Park/Highland Park,Queens,3,5.25,5.93,False,3,0,0,0,0.0,True
97,Fort Greene,Brooklyn,60,4.7,10.0,True,62,29,3,2,4838.71,True
98,Fresh Meadows,Queens,14,4.96,6.55,False,14,1,0,0,0.0,True
100,Garment District,Manhattan,54,3.85,10.31,True,55,14,2,0,3636.36,True
101,Glen Oaks,Queens,15,4.68,17.43,False,15,1,0,0,0.0,True
102,Glendale,Queens,27,4.97,11.06,True,27,0,0,0,0.0,True
106,Gowanus,Brooklyn,34,3.88,6.44,True,34,2,1,1,2941.18,True
107,Gramercy,Manhattan,63,3.13,5.75,True,64,47,3,1,4687.5,True
108,Gravesend,Brooklyn,13,3.52,7.53,False,13,2,1,0,7692.31,True
109,Great Kills,Staten Island,6,3.92,5.34,False,6,0,0,0,0.0,True
112,Greenpoint,Brooklyn,96,3.88,7.73,True,97,41,0,0,0.0,True
113,Greenwich Village North,Manhattan,43,3.17,7.07,True,44,30,0,0,0.0,True
114,Greenwich Village South,Manhattan,59,4.1,8.72,True,60,15,0,0,0.0,True
115,Grymes Hill/Clifton,Staten Island,9,4.88,11.18,False,9,3,0,0,0.0,True
116,Hamilton Heights,Manhattan,40,5.82,10.26,True,40,1,1,0,2500.0,True
117,Hammels/Arverne,Queens,26,6.92,18.82,True,27,0,0,0,0.0,True
118,Heartland Village/Todt Hill,Staten Island,7,9.0,13.62,False,8,0,0,0,0.0,True
119,Highbridge,Bronx,39,5.83,9.6,True,39,2,2,0,5128.21,True
120,Highbridge Park,Manhattan,1,2.67,2.67,False,1,0,0,0,0.0,True
121,Hillcrest/Pomonok,Queens,15,3.35,6.76,False,15,2,2,0,13333.33,True
122,Hollis,Queens,10,6.58,9.36,False,10,0,0,0,0.0,True
123,Homecrest,Brooklyn,23,5.68,9.71,True,23,1,1,0,4347.83,True
124,Howard Beach,Queens,15,3.83,5.41,False,17,0,0,0,0.0,True
125,Hudson Sq,Manhattan,34,4.17,9.44,True,34,20,0,0,0.0,True
126,Hunts Point,Bronx,32,4.52,9.46,True,32,0,0,0,0.0,True
127,Inwood,Manhattan,29,3.73,5.93,True,29,3,0,0,0.0,True
128,Inwood Hill Park,Manhattan,2,4.18,5.56,False,2,0,0,0,0.0,True
129,Jackson Heights,Queens,80,3.76,8.87,True,80,6,0,0,0.0,True
130,Jamaica,Queens,77,5.08,10.48,True,78,2,2,1,2564.1,True
131,Jamaica Estates,Queens,17,5.2,8.53,False,17,2,1,0,5882.35,True
132,JFK Airport,Queens,178,6.12,14.11,True,180,45,35,0,19444.44,False
133,Kensington,Brooklyn,16,3.72,6.25,False,16,4,4,4,25000.0,True
134,Kew Gardens,Queens,26,4.04,8.8,True,26,1,0,0,0.0,True
135,Kew Gardens Hills,Queens,7,5.63,8.92,False,7,1,1,0,14285.71,True
136,Kingsbridge Heights,Bronx,30,4.82,9.61,True,31,4,0,0,0.0,True
137,Kips Bay,Manhattan,44,4.0,9.28,True,44,8,2,0,4545.45,True
138,LaGuardia Airport,Queens,191,5.62,13.15,True,194,16,14,0,7216.49,False
139,Laurelton,Queens,22,5.39,14.01,True,23,2,1,0,4347.83,True
140,Lenox Hill East,Manhattan,59,4.02,10.19,True,60,4,2,0,3333.33,True
141,Lenox Hill West,Manhattan,44,3.14,6.27,True,44,5,1,1,2272.73,True
142,Lincoln Square East,Manhattan,72,4.02,6.86,True,73,6,0,0,0.0,True
143,Lincoln Square West,Manhattan,31,4.9,7.32,True,31,1,0,0,0.0,True
144,Little Italy/NoLiTa,Manhattan,47,3.0,7.54,True,47,28,1,0,2127.66,True
145,Long Island City/Hunters Point,Queens,92,3.4,8.18,True,92,10,0,0,0.0,True
146,Long Island City/Queens Plaza,Queens,20,3.13,5.94,True,21,3,0,0,0.0,True
147,Longwood,Bronx,24,4.88,10.59,True,24,0,0,0,0.0,True
148,Lower East Side,Manhattan,95,4.02,7.28,True,97,33,2,0,2061.86,True
149,Madison,Brooklyn,30,3.37,5.86,True,30,3,0,0,0.0,True
150,Manhattan Beach,Brooklyn,7,4.78,8.02,False,7,0,0,0,0.0,True
151,Manhattan Valley,Manhattan,24,4.56,8.58,True,25,3,1,0,4000.0,True
152,Manhattanville,Manhattan,22,5.29,11.82,True,22,2,1,1,4545.45,True
153,Marble Hill,Manhattan,8,3.42,6.31,False,8,0,0,0,0.0,True
154,Marine Park/Floyd Bennett Field,Brooklyn,1,7.73,7.73,False,1,1,0,0,0.0,True
155,Marine Park/Mill Basin,Brooklyn,29,5.98,9.82,True,30,0,0,0,0.0,True
156,Mariners Harbor,Staten Island,14,6.12,9.31,False,14,3,0,0,0.0,True
157,Maspeth,Queens,33,3.43,7.26,True,33,0,0,0,0.0,True
158,Meatpacking/West Village West,Manhattan,53,3.55,6.33,True,53,13,0,0,0.0,True
159,Melrose South,Bronx,49,4.93,9.13,True,49,0,0,0,0.0,True
160,Middle Village,Queens,23,4.77,11.1,True,24,1,0,0,0.0,True
161,Midtown Center,Manhattan,97,3.42,9.2,True,97,6,0,0,0.0,True
162,Midtown East,Manhattan,86,4.23,9.33,True,89,25,0,0,0.0,True
163,Midtown North,Manhattan,76,3.73,8.02,True,78,18,0,0,0.0,True
164,Midtown South,Manhattan,92,3.5,6.98,True,94,12,2,1,2127.66,True
165,Midwood,Brooklyn,21,3.92,8.02,True,22,3,3,1,13636.36,True
166,Morningside Heights,Manhattan,39,4.38,9.52,True,40,3,0,0,0.0,True
167,Morrisania/Melrose,Bronx,31,5.78,10.03,True,33,2,1,1,3030.3,True
168,Mott Haven/Port Morris,Bronx,82,5.68,12.31,True,82,3,0,0,0.0,True
169,Mount Hope,Bronx,57,5.67,10.19,True,58,1,0,0,0.0,True
170,Murray Hill,Manhattan,79,4.05,8.05,True,80,22,1,1,1250.0,True
171,Murray Hill-Queens,Queens,21,3.87,6.65,True,21,0,0,0,0.0,True
172,New Dorp/Midland Beach,Staten Island,11,5.85,14.95,False,11,0,0,0,0.0,True
173,North Corona,Queens,31,5.28,7.95,True,31,4,2,0,6451.61,True
174,Norwood,Bronx,40,3.8,9.17,True,41,6,6,0,14634.15,False
175,Oakland Gardens,Queens,7,3.05,4.0,False,7,0,0,0,0.0,True
176,Oakwood,Staten Island,3,4.62,19.98,False,3,0,0,0,0.0,True
177,Ocean Hill,Brooklyn,54,6.47,13.41,True,54,3,1,0,1851.85,True
178,Ocean Parkway South,Brooklyn,3,2.82,3.15,False,3,0,0,0,0.0,True
179,Old Astoria,Queens,39,4.57,8.96,True,39,4,1,0,2564.1,True
180,Ozone Park,Queens,14,4.06,11.48,False,14,0,0,0,0.0,True
181,Park Slope,Brooklyn,69,4.13,9.42,True,69,25,1,0,1449.28,True
182,Parkchester,Bronx,20,4.38,8.79,True,22,3,2,2,9090.91,True
183,Pelham Bay,Bronx,24,3.53,9.97,True,24,0,0,0,0.0,True
184,Pelham Bay Park,Bronx,3,9.0,10.43,False,3,0,0,0,0.0,True
185,Pelham Parkway,Bronx,33,4.73,8.76,True,33,2,2,0,6060.61,True
186,Penn Station/Madison Sq West,Manhattan,46,2.52,5.78,True,48,34,8,0,16666.67,False
187,Port Richmond,Staten Island,4,4.06,9.51,False,4,0,0,0,0.0,True
188,Prospect-Lefferts Gardens,Brooklyn,78,5.27,11.29,True,80,3,0,0,0.0,True
189,Prospect Heights,Brooklyn,36,4.51,9.29,True,37,23,0,0,0.0,True
190,Prospect Park,Brooklyn,2,8.18,10.93,False,2,0,0,0,0.0,True
191,Queens Village,Queens,33,4.57,7.73,True,33,0,0,0,0.0,True
192,Queensboro Hill,Queens,8,4.45,10.87,False,8,0,0,0,0.0,True
193,Queensbridge/Ravenswood,Queens,17,3.47,9.58,False,19,1,0,0,0.0,True
194,Randalls Island,Manhattan,1,5.87,5.87,False,1,1,1,1,100000.0,True
195,Red Hook,Brooklyn,20,4.12,13.78,True,20,2,1,0,5000.0,True
196,Rego Park,Queens,23,4.77,9.98,True,25,3,0,0,0.0,True
197,Richmond Hill,Queens,39,5.05,9.7,True,40,3,2,2,5000.0,True
198,Ridgewood,Queens,59,4.27,8.01,True,59,3,0,0,0.0,True
200,Riverdale/North Riverdale/Fieldston,Bronx,17,4.23,7.6,False,18,2,2,1,11111.11,True
201,Rockaway Park,Queens,8,7.81,16.62,False,9,0,0,0,0.0,True
202,Roosevelt Island,Manhattan,9,7.33,9.01,False,9,0,0,0,0.0,True
203,Rosedale,Queens,29,5.63,17.01,True,29,1,0,0,0.0,True
204,Rossville/Woodrow,Staten Island,2,3.65,5.44,False,2,0,0,0,0.0,True
205,Saint Albans,Queens,47,5.3,10.15,True,50,3,3,1,6000.0,True
206,Saint George/New Brighton,Staten Island,27,6.03,8.76,True,27,0,0,0,0.0,True
207,Saint Michaels Cemetery/Woodside,Queens,1,6.48,6.48,False,1,0,0,0,0.0,True
208,Schuylerville/Edgewater Park,Bronx,33,4.77,12.43,True,33,3,2,2,6060.61,True
209,Seaport,Manhattan,15,3.95,7.1,False,15,1,0,0,0.0,True
210,Sheepshead Bay,Brooklyn,33,3.73,8.73,True,34,2,0,0,0.0,True
211,SoHo,Manhattan,55,3.72,8.05,True,55,9,0,0,0.0,True
212,Soundview/Bruckner,Bronx,27,4.6,10.69,True,27,1,1,0,3703.7,True
213,Soundview/Castle Hill,Bronx,56,5.76,11.83,True,56,2,2,0,3571.43,True
214,South Beach/Dongan Hills,Staten Island,8,5.92,9.05,False,9,0,0,0,0.0,True
215,South Jamaica,Queens,30,5.14,11.64,True,30,3,2,0,6666.67,True
216,South Ozone Park,Queens,61,4.55,9.02,True,62,4,1,0,1612.9,True
217,South Williamsburg,Brooklyn,14,3.66,5.4,False,14,2,2,2,14285.71,True
218,Springfield Gardens North,Queens,34,6.06,11.22,True,35,0,0,0,0.0,True
219,Springfield Gardens South,Queens,32,5.76,12.83,True,32,1,0,0,0.0,True
220,Spuyten Duyvil/Kingsbridge,Bronx,55,4.17,7.93,True,57,2,2,0,3508.77,True
221,Stapleton,Staten Island,14,7.64,11.82,False,15,0,0,0,0.0,True
222,Starrett City,Brooklyn,14,3.85,13.95,False,15,0,0,0,0.0,True
223,Steinway,Queens,63,3.32,7.13,True,63,4,0,0,0.0,True
224,Stuy Town/Peter Cooper Village,Manhattan,16,4.22,6.25,False,16,1,0,0,0.0,True
225,Stuyvesant Heights,Brooklyn,79,5.12,11.19,True,80,1,0,0,0.0,True
226,Sunnyside,Queens,72,4.11,7.21,True,72,8,0,0,0.0,True
227,Sunset Park East,Brooklyn,19,4.08,9.4,False,19,3,2,1,10526.32,True
228,Sunset Park West,Brooklyn,51,4.23,7.7,True,51,3,0,0,0.0,True
229,Sutton Place/Turtle Bay North,Manhattan,65,3.1,6.52,True,65,11,4,1,6153.85,True
230,Times Sq/Theatre District,Manhattan,107,4.08,7.92,True,110,39,4,0,3636.36,True
231,TriBeCa/Civic Center,Manhattan,88,3.83,6.96,True,88,10,2,0,2272.73,True
232,Two Bridges/Seward Park,Manhattan,44,5.24,10.05,True,44,16,3,0,6818.18,True
233,UN/Turtle Bay South,Manhattan,51,4.07,9.37,True,52,18,2,2,3846.15,True
234,Union Sq,Manhattan,107,3.7,6.82,True,108,42,1,1,925.93,True
235,University Heights/Morris Heights,Bronx,40,5.38,12.08,True,41,0,0,0,0.0,True
236,Upper East Side North,Manhattan,60,4.14,8.54,True,60,3,0,0,0.0,True
237,Upper East Side South,Manhattan,75,3.72,5.79,True,76,6,0,0,0.0,True
238,Upper West Side North,Manhattan,36,3.79,8.44,True,36,2,1,0,2777.78,True
239,Upper West Side South,Manhattan,41,3.85,7.8,True,43,4,0,0,0.0,True
240,Van Cortlandt Park,Bronx,11,5.75,7.8,False,11,0,0,0,0.0,True
241,Van Cortlandt Village,Bronx,45,4.6,11.5,True,45,1,1,0,2222.22,True
242,Van Nest/Morris Park,Bronx,34,4.16,11.37,True,34,3,0,0,0.0,True
243,Washington Heights North,Manhattan,57,4.22,9.59,True,59,1,0,0,0.0,True
244,Washington Heights South,Manhattan,72,4.05,10.57,True,72,4,1,1,1388.89,True
245,West Brighton,Staten Island,11,5.58,12.53,False,11,1,1,0,9090.91,True
246,West Chelsea/Hudson Yards,Manhattan,110,4.46,9.86,True,110,5,2,0,1818.18,True
247,West Concourse,Bronx,59,4.9,9.62,True,62,5,3,1,4838.71,True
248,West Farms/Bronx River,Bronx,30,4.54,8.49,True,30,4,3,1,10000.0,True
249,West Village,Manhattan,83,3.62,7.85,True,83,27,0,0,0.0,True
250,Westchester Village/Unionport,Bronx,19,5.3,9.56,False,19,1,0,0,0.0,True
251,Westerleigh,Staten Island,10,3.27,4.92,False,10,0,0,0,0.0,True
252,Whitestone,Queens,20,6.24,15.66,True,20,1,0,0,0.0,True
253,Willets Point,Queens,1,4.78,4.78,False,1,1,1,0,100000.0,True
254,Williamsbridge/Olinville,Bronx,59,4.58,10.44,True,59,0,0,0,0.0,True
255,Williamsburg (North Side),Brooklyn,104,4.3,9.03,True,105,3,1,0,952.38,True
256,Williamsburg (South Side),Brooklyn,86,4.42,9.47,True,87,7,0,0,0.0,True
257,Windsor Terrace,Brooklyn,16,3.9,14.52,False,16,0,0,0,0.0,True
258,Woodhaven,Queens,46,5.21,9.71,True,47,1,0,0,0.0,True
259,Woodlawn/Wakefield,Bronx,28,7.22,9.96,True,29,1,1,0,3448.28,True
260,Woodside,Queens,41,3.27,7.63,True,42,3,0,0,0.0,True
261,World Trade Center,Manhattan,38,3.48,6.56,True,39,5,0,0,0.0,True
262,Yorkville East,Manhattan,25,4.42,7.52,True,26,0,0,0,0.0,True
263,Yorkville West,Manhattan,49,4.62,9.31,True,50,3,1,0,2000.0,True
